Afghanistan,188
Albania,188
Algeria,188
Andorra,188
Angola,188
Antigua and Barbuda,188
Argentina,188
Armenia,188
Australia,1504
Austria,188
Azerbaijan,188
Bahamas,188
Bahrain,188
Bangladesh,188
Barbados,188
Belarus,188
Belgium,188
Belize,188
Benin,188
Bhutan,188
Bolivia,188
Bosnia and Herzegovina,188
Botswana,188
Brazil,188
Brunei,188
Bulgaria,188
Burkina Faso,188
Burma,188
Burundi,188
Cabo Verde,188
Cambodia,188
Cameroon,188
Canada,2256
Central African Republic,188
Chad,188
Chile,188
China,6204
Colombia,188
Comoros,188
Congo (Brazzaville),188
Congo (Kinshasa),188
Costa Rica,188
Cote d'Ivoire,188
Croatia,188
Cuba,188
Cyprus,188
Czechia,188
Denmark,376
Djibouti,188
Dominica,188
Dominican Republic,188
Ecuador,188
Egypt,188
El Salvador,188
Equatorial Guinea,188
Eritrea,188
Estonia,188
Eswatini,188
Ethiopia,188
Fiji,188
Finland,188
France,2068
Gabon,188
Gambia,188
Georgia,188
Germany,188
Ghana,188
Greece,188
Greenland,188
Grenada,188
Guatemala,188
Guinea,188
Guinea-Bissau,188
Guyana,188
Haiti,188
Holy See,188
Honduras,188
Hungary,188
Iceland,188
India,188
Indonesia,188
Iran,188
Iraq,188
Ireland,188
Israel,188
Italy,188
Jamaica,188
Japan,188
Jordan,188
Kazakhstan,188
Kenya,188
Kosovo,188
Kuwait,188
Kyrgyzstan,188
Laos,188
Latvia,188
Lebanon,188
Lesotho,188
Liberia,188
Libya,188
Liechtenstein,188
Lithuania,188
Luxembourg,188
Madagascar,188
Malawi,188
Malaysia,188
Maldives,188
Mali,188
Malta,188
Mauritania,188
Mauritius,188
Mexico,188
Moldova,188
Monaco,188
Mongolia,188
Montenegro,188
Morocco,188
Mozambique,188
Namibia,188
Nepal,188
Netherlands,752
New Zealand,188
Nicaragua,188
Niger,188
Nigeria,188
North Macedonia,188
Norway,188
Oman,188
Pakistan,188
Panama,188
Papua New Guinea,188
Paraguay,188
Peru,188
Philippines,188
Poland,188
Portugal,188
Qatar,188
Romania,188
Russia,188
Rwanda,188
Saint Kitts and Nevis,188
Saint Lucia,188
Saint Vincent and the Grenadines,188
San Marino,188
Sao Tome and Principe,188
Saudi Arabia,188
Senegal,188
Serbia,188
Seychelles,188
Sierra Leone,188
Singapore,188
Slovakia,188
Slovenia,188
Somalia,188
South Africa,188
South Korea,188
South Sudan,188
Spain,188
Sri Lanka,188
Sudan,188
Suriname,188
Sweden,188
Switzerland,188
Syria,188
Taiwan*,188
Tajikistan,188
Tanzania,188
Thailand,188
Timor-Leste,188
Togo,188
Trinidad and Tobago,188
Tunisia,188
Turkey,188
US,188
Uganda,188
Ukraine,188
United Arab Emirates,188
United Kingdom,2068
Uruguay,188
Uzbekistan,188
Venezuela,188
Vietnam,188
West Bank and Gaza,188
Western Sahara,188
Yemen,188
Zambia,188
Zimbabwe,188
